Campaign,Ad group,Keyword,Match type,Final URL
EXた組_カーポート検索_2026-09,大型・ワイド,カーポート 2台用,Exact,https://ex-takumi.net/matsuyama-carport/
EXた組_カーポート検索_2026-09,大型・ワイド,2台用 カーポート,Exact,https://ex-takumi.net/matsuyama-carport/
EXた組_カーポート検索_2026-09,大型・ワイド,カーポート 3台用,Exact,https://ex-takumi.net/matsuyama-carport/
EXた組_カーポート検索_2026-09,大型・ワイド,3台用 カーポート,Exact,https://ex-takumi.net/matsuyama-carport/
EXた組_カーポート検索_2026-09,大型・ワイド,大型 カーポート,Exact,https://ex-takumi.net/matsuyama-carport/
EXた組_カーポート検索_2026-09,大型・ワイド,ワイド カーポート,Exact,https://ex-takumi.net/matsuyama-carport/
EXた組_カーポート検索_2026-09,大型・ワイド,松山市 カーポート 2台,Exact,https://ex-takumi.net/matsuyama-carport/
EXた組_カーポート検索_2026-09,大型・ワイド,松山 カーポート 2台,Exact,https://ex-takumi.net/matsuyama-carport/
EXた組_カーポート検索_2026-09,大型・ワイド,松山市 大型 カーポート,Exact,https://ex-takumi.net/matsuyama-carport/
EXた組_カーポート検索_2026-09,大型・ワイド,松山 ワイド カーポート,Exact,https://ex-takumi.net/matsuyama-carport/
EXた組_カーポート検索_2026-09,大型・ワイド,カーポート 2台用,Phrase,https://ex-takumi.net/matsuyama-carport/
EXた組_カーポート検索_2026-09,大型・ワイド,カーポート 3台用,Phrase,https://ex-takumi.net/matsuyama-carport/
EXた組_カーポート検索_2026-09,大型・ワイド,大型 カーポート,Phrase,https://ex-takumi.net/matsuyama-carport/
EXた組_カーポート検索_2026-09,大型・ワイド,ワイド カーポート,Phrase,https://ex-takumi.net/matsuyama-carport/
EXた組_カーポート検索_2026-09,大型・ワイド,カーポート 設置,Phrase,https://ex-takumi.net/matsuyama-carport/
EXた組_カーポート検索_2026-09,大型・ワイド,カーポート 工事,Phrase,https://ex-takumi.net/matsuyama-carport/
EXた組_カーポート検索_2026-09,大型・ワイド,カーポート 見積,Phrase,https://ex-takumi.net/matsuyama-carport/
